{"is_source_file": true, "format": "JavaScript (React JSX)", "description": "This file defines a React functional component 'App' which manages a 'theme' state (light/dark) and provides a toggle button to switch themes. It also applies the theme to the document and renders UI elements including a logo, instructions, theme status, and a link.", "external_files": ["./logo.svg", "./App.css"], "external_methods": ["document.documentElement.setAttribute"], "published": ["App"], "classes": [], "methods": [{"name": "App()", "description": "React functional component that manages theme state and UI rendering.", "scope": "", "scopeKind": ""}, {"name": "toggleTheme", "description": "Function to toggle between 'light' and 'dark' themes when invoked."}], "calls": ["React.useState", "React.useEffect", "document.documentElement.setAttribute", "setTheme", "prevTheme => prevTheme === 'light' ? 'dark' : 'light'", "console.log"], "search-terms": ["React", "useState", "useEffect", "theme toggle", "App.js", "React component"], "state": 2, "file_id": 11, "knowledge_revision": 25, "git_revision": "fa08939c9accc950e84df5620118d195b08ce089", "ctags": [{"_type": "tag", "name": "App", "path": "/home/kavia/workspace/code-generation/simple-notes-manager-298922-298932/frontend_react/src/App.js", "pattern": "/^function App() {$/", "language": "JavaScript", "kind": "function", "signature": "()"}, {"_type": "tag", "name": "Switch to ${theme === 'light' ? 'dark' : 'light'} mode", "path": "/home/kavia/workspace/code-generation/simple-notes-manager-298922-298932/frontend_react/src/App.js", "pattern": "/^          aria-label={`Switch to ${theme === 'light' ? 'dark' : 'light'} mode`}$/", "language": "JavaScript", "kind": "field", "scope": "App.aria", "scopeKind": "class"}, {"_type": "tag", "name": "toggleTheme", "path": "/home/kavia/workspace/code-generation/simple-notes-manager-298922-298932/frontend_react/src/App.js", "pattern": "/^          onClick={toggleTheme}$/", "language": "JavaScript", "kind": "field", "scope": "App.onClick", "scopeKind": "class"}], "hash": "b55dd9e6a018e59207d8e277dffd9e11", "format-version": 4, "code-base-name": "frontend_react", "filename": "frontend_react/src/App.js", "fields": [{"name": "aria-label={`Switch to ${theme === 'light' ? 'dark' : 'light'} mode`}", "scope": "App.aria", "scopeKind": "class", "description": "unavailable"}, {"name": "onClick={toggleTheme}", "scope": "App.onClick", "scopeKind": "class", "description": "unavailable"}], "revision_history": [{"25": "fa08939c9accc950e84df5620118d195b08ce089"}]}