{"is_source_file": false, "format": "", "description": "", "external_files": [], "external_methods": [], "published": [], "classes": [], "methods": [], "calls": [], "search-terms": [], "state": 2, "file_id": 5, "knowledge_revision": 20, "git_revision": "fa08939c9accc950e84df5620118d195b08ce089", "hash": "be6538e7523bc2e9da0743133d784136", "format-version": 4, "code-base-name": "frontend_react", "filename": "frontend_react/eslint.config.mjs", "revision_history": [{"20": "fa08939c9accc950e84df5620118d195b08ce089"}]}