{"is_source_file": false, "format": "", "description": "", "external_files": [], "external_methods": [], "published": [], "classes": [], "methods": [], "calls": [], "search-terms": [], "state": 2, "file_id": 3, "knowledge_revision": 14, "git_revision": "fa08939c9accc950e84df5620118d195b08ce089", "hash": "d9d975cebe2ec20b6c652e1e4c12ccf0", "format-version": 4, "code-base-name": "frontend_react", "filename": "frontend_react/public/manifest.json", "revision_history": [{"14": "fa08939c9accc950e84df5620118d195b08ce089"}]}