{"is_source_file": true, "format": "JavaScript (React JSX)", "description": "This file initializes and renders the main React application component into the DOM, setting up the React root and rendering the App component within StrictMode.", "external_files": ["./App", "./index.css"], "external_methods": ["ReactDOM.createRoot", "root.render"], "published": [], "classes": [], "methods": [{"name": "ReactDOM.createRoot", "description": "Creates a React root for rendering the React component tree into a DOM node."}, {"name": "root.render", "description": "Renders a React element into the created root."}], "calls": ["ReactDOM.createRoot", "root.render", "React.StrictMode", "<App />"], "search-terms": ["index.js", "ReactDOM", "createRoot", "StrictMode", "App component", "React rendering"], "state": 2, "file_id": 10, "knowledge_revision": 24, "git_revision": "fa08939c9accc950e84df5620118d195b08ce089", "ctags": [{"_type": "tag", "name": "root", "path": "/home/kavia/workspace/code-generation/simple-notes-manager-298922-298932/frontend_react/src/index.js", "pattern": "/^const root = ReactDOM.createRoot(document.getElementById('root'));$/", "language": "JavaScript", "kind": "constant"}], "hash": "9fc5841375336fc175b49f8767a11383", "format-version": 4, "code-base-name": "frontend_react", "filename": "frontend_react/src/index.js", "revision_history": [{"24": "fa08939c9accc950e84df5620118d195b08ce089"}]}