{"is_source_file": false, "format": "", "description": "", "external_files": [], "external_methods": [], "published": [], "classes": [], "methods": [], "calls": [], "search-terms": [], "state": 2, "file_id": 4, "knowledge_revision": 19, "git_revision": "fa08939c9accc950e84df5620118d195b08ce089", "hash": "d2b40d02d5f7873d8a6713bad837edd4", "format-version": 4, "code-base-name": "frontend_react", "filename": "frontend_react/public/index.html", "revision_history": [{"19": "fa08939c9accc950e84df5620118d195b08ce089"}]}