{"is_source_file": false, "format": "", "description": "", "external_files": [], "external_methods": [], "published": [], "classes": [], "methods": [], "calls": [], "search-terms": [], "state": 2, "file_id": 9, "knowledge_revision": 18, "git_revision": "fa08939c9accc950e84df5620118d195b08ce089", "hash": "6c2104b8d219ed99234ae2d6329f4357", "format-version": 4, "code-base-name": "frontend_react", "filename": "frontend_react/src/index.css", "revision_history": [{"18": "fa08939c9accc950e84df5620118d195b08ce089"}]}