{"is_source_file": false, "format": "", "description": "", "external_files": [], "external_methods": [], "published": [], "classes": [], "methods": [], "calls": [], "search-terms": [], "state": 2, "file_id": 7, "knowledge_revision": 23, "git_revision": "fa08939c9accc950e84df5620118d195b08ce089", "ctags": [], "hash": "1a77571e1a8cf36018a41bcedf60db75", "format-version": 4, "code-base-name": "frontend_react", "filename": "frontend_react/src/setupTests.js", "revision_history": [{"23": "fa08939c9accc950e84df5620118d195b08ce089"}]}